id,caption,comments_count,like_count,media_type,media_url,permalink,timestamp,children
17884391597226652,"You guessed it right, masonrayparker is my nephew
â€¢
â€¼ï¸Check out my page for more memes if youâ€™re bored :)
Follow me ğŸ‘‰ğŸ¼ darkk.memes.hub
My Backup ğŸ‘‰ğŸ¼ darkk_family
~
TaGsğŸ“Œ
#meme #memesğŸ˜‚ #wacky #sexjokes #sexeducation #cursedmemes #cursedimages #memeaccount #memecucks #offensivememes #bhfyp #funnymemes #stolenmemes #deepfriedmemes #dank #dark #humour #dankdank #darkmemes #cancerourmemesforautisticteens #edgymemesdaily #edgymemes #edgy #dailymemes #memester #memestagram #roast #jokes #lmao #baha",14,347,IMAGE,https://scontent-sea1-1.cdninstagram.com/v/t51.29350-15/200538407_326500642431562_176068426820144039_n.jpg?_nc_cat=110&ccb=1-3&_nc_sid=8ae9d6&_nc_ohc=KP8dL_ZSi20AX9X5h06&_nc_ht=scontent-sea1-1.cdninstagram.com&oh=a48a53e6f2dd5dafc1c5643867f09439&oe=60CC4F11,https://www.instagram.com/p/CQGwCofjSAo/,2021-06-14T15:23:01+0000,
18049071871288909,"Elastic Ribbon Hair Ties available to match with your child's headband ğŸ˜€â €
Choose from any in stock design.â €
Special order designs only available when ordering a matching headband.â €
www.bahaaccessoriesuk.comâ €
#headband #cochlear #baha #oticon #ponto #medel #adhear #elasticribbonhairties #hairties",0,0,IMAGE,https://scontent-sea1-1.cdninstagram.com/v/t51.29350-15/201356968_230327735299335_1079152553113742786_n.jpg?_nc_cat=109&ccb=1-3&_nc_sid=8ae9d6&_nc_ohc=wq9Z5cUOTbAAX_RbQux&_nc_ht=scontent-sea1-1.cdninstagram.com&oh=1ef85985be18640668dd92de0c68ded4&oe=60CC78DA,https://www.instagram.com/p/CQGuYLCL8lZ/,2021-06-14T15:08:28+0000,
17889053960196727,"Happy Birthday, BONEBRIDGE! 10 years ago the first users received their active bone conduction implants. Since then, hearing technology has seen amazing developments and thousands of users worldwide have benefitted from their BONEBRIDGE systems over the last 10 years. 
Swipe left to travel back in time! 

#BONEBRIDGE #SAMBA #SAMBA2 #hearing #hearingloss #boneconduction #hearingimplants #boneconductionimplants #baha #boneanchoredhearingaids #cochlearimplant #hearingtechnology #madeinaustria #hearingaids #innovation #audiology #implant #healthcare #technology #medelmiracle #surgery #deaf #deafawareness #medicaltechnology #hearingaidsrock #medtech #ENT #ear #entsurgeon #entsurgery",2,238,CAROUSEL_ALBUM,,https://www.instagram.com/p/CQGcSY4KY0q/,2021-06-14T12:30:24+0000,"{'data': [{'id': '17883737645339961'}, {'id': '17888305922318657'}]}"
17901682324921459,"#bahamas ğŸšğŸŒ±
#baha 
#star",8,16,IMAGE,https://scontent-sea1-1.cdninstagram.com/v/t51.29350-15/131443421_1388558361530331_7087639548524818297_n.jpg?_nc_cat=108&ccb=1-3&_nc_sid=8ae9d6&_nc_ohc=Tey-rIDgVi4AX_ag8Jx&_nc_ht=scontent-sea1-1.cdninstagram.com&oh=0b4b04f12333b65a844da568a79d2a14&oe=60CBD7AC,https://www.instagram.com/p/CQGbGnthtrc/,2021-06-14T12:20:03+0000,
17903207530984362,"Who are you taking on holiday with you this summer? Tag your beach buddies ğŸ˜â˜€ï¸ğŸ¹

#bahaandfriendship #bahabeachstories 
#marbella 
#mates 
#baha 
#whiskey 
#holidays 
#vacaciones 
#amigos 
#amigas 
#playa 
#beach 
#getaway 
#summer 
#beachbuddies 
#sunshine 
#tagyourmates 
#summer2021 
#cocktails
#summervibes
#MadeForFriends",5,22,IMAGE,https://scontent-sea1-1.cdninstagram.com/v/t51.29350-15/200516675_495780141724073_5560194451039403451_n.jpg?_nc_cat=109&ccb=1-3&_nc_sid=8ae9d6&_nc_ohc=hM_sgURByI4AX_AUv2T&_nc_ht=scontent-sea1-1.cdninstagram.com&oh=363f797ee6f784ff8b9a56b80d7b9863&oe=60CD6A4C,https://www.instagram.com/p/CQGJtwvskpT/,2021-06-14T09:48:07+0000,
17897903579089557,"Ferdi Tayfur / Bu Åehrin Geceleri

SÃ¶z : aselcukilkan
MÃ¼zik : YÄ±lmaz TatlÄ±ses
â”€â”€â”€â”€â”€â”€â”€â”€â”€â”€â”€â”€â”€â”€â”€â”€â”€â”€â”€â”€
Bir baÅŸka hÃ¼zÃ¼n taÅŸÄ±r
Bu ÅŸehrin geceleri
Hep seni hatÄ±rlatÄ±r
Bu ÅŸehrin geceleri

Bir baÅŸka hÃ¼zÃ¼n taÅŸÄ±r
Bu ÅŸehrin geceleri
Hep seni hatÄ±rlatÄ±r
Bu ÅŸehrin geceleri
Bu ÅŸehrin geceleri

Bazen gizli bir gÃ¼nah
Bazen dilde bir eyvah
Bazen olmayan sabah
Bu ÅŸehrin geceleri

Bazen gizli bir gÃ¼nah
Bazen dilde bir eyvah
Bazen olmayan sabah
Bu ÅŸehrin geceleri

Kimini yakÄ±p gitti
Kimini yÄ±kÄ±p gitti
Seni de alÄ±p gitti
Bu ÅŸehrin geceleri

Kimini yakÄ±p gitti
Kimini yÄ±kÄ±p gitti
Seni de alÄ±p gitti
Bu ÅŸehrin geceleri
Bu ÅŸehrin geceleri

Sosyal Medyada bizi takip edin... 

â¬â¬â¬â¬â¬â¬â¬â¬â¬â¬â¬â¬â¬â¬â¬â¬â¬â¬â¬â¬

Ä°nstagram : yilmaztatlises 
Facebook : yilmaztatlises 
Twitter : yilmaztatlises
Ä°nternet Sitesi : www.besteciler.com 

â¬â¬â¬â¬â¬â¬â¬â¬â¬â¬â¬â¬â¬â¬â¬â¬â¬â¬â¬â¬

#yÄ±lmaztatlÄ±ses #yanmÄ±ÅŸbiryÃ¼rekvar #mavimavi #delideli #yaÅŸamakbudeÄŸil  #arabesk #damar #damarÅŸarkÄ±lar  #mÃ¼slÃ¼mgÃ¼rses #ibrahimtatlÄ±ses #atillakaya #alitekintuÌˆre #yavuztaner #ÅŸakiraskan #ceylan #ferditayfur #neÅŸekarabÃ¶cek ##gÃ¼ldenkarabÃ¶cek #gÃ¶nÃ¼lakkor #orkanbarÄ±ÅŸ #baha #ebrugÃ¼ndeÅŸ #buÅŸehringeceleri #senisevmeyenÃ¶lsÃ¼n #yÄ±llarutansÄ±n #buÅŸehringeceleri #yaÅŸamakbudeÄŸil #gÃ¶nlÃ¼mdebirisyan #yanmÄ±ÅŸbiryÃ¼rekvar #hatÄ±ranyeter #ferditayfur",1,43,VIDEO,,https://www.instagram.com/p/CQGA4BVjcbb/,2021-06-14T08:44:15+0000,
17888193428319136,"Ø§Ù„Ø¬Ù…Ø§Ù„ Ù„Ù„Ø£Ø«Ø§Ø« Ø§Ù„Ù…Ù†Ø²Ù„ÙŠ
Ø§Ù„Ø·Ø§Ø¦Ù / Ø´Ø§Ø±Ø¹ Ø®Ø§Ù„Ø¯ Ø¨Ù† Ø§Ù„ÙˆÙ„ÙŠØ¯
Ø¬ÙˆØ§Ù„/ 0503795987 /Â  0502686825
www.aljamalfurniture.com 
www.instagram.com/aljamaltaif/
www.facebook.com/aljamaltaif/
www.snapchat.com/add/aljamaltaif/
www.tiktok.com/aljamaltaif
#taif #taif4 #jeddah #makkah #saudiarabia #sofa #modern #klasik #aljamaltaif #alguthmico #baha #abha",0,6,CAROUSEL_ALBUM,,https://www.instagram.com/p/CQF_E62tvnK/,2021-06-14T08:15:09+0000,"{'data': [{'id': '18115977250235990'}, {'id': '17887311056263323'}, {'id': '17927919088607801'}, {'id': '17956453735450141'}, {'id': '17921296654663164'}]}"
17890236974109434,"#Ø§Ù„Ø¨Ø§Ø­Ù‡ #Ø¨Ù†ÙŠ_Ø­Ø³Ù† #Ø§Ù„Ù…Ù†Ø¯Ù‚ #Ø¨Ù„Ø¬Ø±Ø´ÙŠ #Ø§Ù„Ø¹Ù‚ÙŠÙ‚ #Ø§Ù„Ø­Ø¬Ø§Ø² #ØªÙ‡Ø§Ù…Ø© #Ù‚Ù„ÙˆØ© #Ø§Ù„Ù…Ø®ÙˆØ§Ø© #Ø¯ÙˆØ³ #Ø¨Ù†ÙŠ_Ù…Ø§Ù„Ùƒ #baha #Ø§Ù„Ø³Ø¹ÙˆØ¯ÙŠØ© #Ù‡Ø¯Ø§ÙŠØ§ #Ø·Ù„Ø¨ÙŠØ§Øª
#saudi #Ø§Ù„Ø¨Ø±ÙŠØ¯_Ø§Ù„Ø³Ø¹ÙˆØ¯ÙŠ",0,1,IMAGE,https://scontent-sea1-1.cdninstagram.com/v/t51.29350-15/200477064_786706222044750_5531910370278214405_n.jpg?_nc_cat=102&ccb=1-3&_nc_sid=8ae9d6&_nc_ohc=QLwsn9A-NloAX9KVm3w&_nc_ht=scontent-sea1-1.cdninstagram.com&oh=be6120e227324b5481b597b3b8d514ea&oe=60CD0B4A,https://www.instagram.com/p/CQF9oSSrOeZ/,2021-06-14T08:02:30+0000,
17902858792989363,"Somo un centro de ğŸŒŸ referencia para los sistemas de auciciÃ³n BAHA. 
Â¿Sabes lo que es este tipo de dispositivo?
-
Primero debemos entender cÃ³mo se transmite el ğŸ”Š sonido:
La vÃ­a de transmisiÃ³n del sonido desde el oÃ­do externo al interno, pasando por el oÃ­do medio, se conoce como conducciÃ³n por vÃ­a aÃ©rea.

AdemÃ¡s de la conducciÃ³n por vÃ­a aÃ©rea, tambiÃ©n existe un segundo mecanismo de transmisiÃ³n del sonido: la conducciÃ³n por vÃ­a Ã³sea. La conducciÃ³n por vÃ­a Ã³sea evita el oÃ­do externo y medio. El sonido se transmite directamente al oÃ­do interno a travÃ©s de los huesos del crÃ¡neo.
.
Â¿En quÃ© casos se utiliza la audiciÃ³n por conducciÃ³n Ã³sea?
Los sistemas auditivos de conducciÃ³n Ã³sea pueden utilizarse cuando el sonido no se puede transmitir al oÃ­do interno por medios naturales. En los sistemas auditivos de conducciÃ³n Ã³sea, los huesos craneales se estimulan mediante ğŸ“³ vibraciones mecÃ¡nicas.

Estas vibraciones se transmiten directamente al oÃ­do interno, donde se procesan como un sonido normal.

Estaremos encantad@s de ampliarte informaciÃ³n en nuestro centro.

#oidos #audiologia #audifonos #CentroAuditivo #siemprehayunasolucion #confianza #experienciaaudicion
#baha #implante #audicionbaha #expertosbaha",0,2,IMAGE,https://scontent-sea1-1.cdninstagram.com/v/t51.2885-15/200277569_226569222383148_9188350436382638269_n.jpg?_nc_cat=102&ccb=1-3&_nc_sid=8ae9d6&_nc_ohc=y3Qu8KsZ2fAAX-JBQB7&_nc_ht=scontent-sea1-1.cdninstagram.com&oh=356c5e082474fe726db8188941a16ccd&oe=60CD0BC2,https://www.instagram.com/p/CQF9aBWA9nP/,2021-06-14T08:00:37+0000,
18128869660202867,"Did you know that I have drying jars in my shop?â €
www.bahaaccessoriesuk.comâ €
#dryingjar #headband #cochlear #baha #oticon #ponto #medel #adhear #bte #hearingaidaccessories #hearingaidjewellery #boneanchoredhearing #boneanchoredhearing #bahahearingaid #bahaprincess #bahaprince #bahakids #cochlearkids #cochlearbaha #pontoprince #pontoprincess #pontohearingaid #oticonmedical #oticonprince #oticonprincess #oticonkids #microtia #microtiaatresia #headbandsforhearing #hearingaidheadband",0,0,IMAGE,https://scontent-sea1-1.cdninstagram.com/v/t51.2885-15/200242148_800296037290856_6753813247281501579_n.jpg?_nc_cat=110&ccb=1-3&_nc_sid=8ae9d6&_nc_ohc=fCyIBs87CP8AX8MjLG3&_nc_ht=scontent-sea1-1.cdninstagram.com&oh=bd1788e8f7dcdd3595eb5feed582ee74&oe=60CC9C33,https://www.instagram.com/p/CQF9ZKgg2Dc/,2021-06-14T08:00:29+0000,
17909370877882434,"June legendary hero - Triton!
 Did you manage to evaluate him in battle? What are his strengths and weaknesses?
Share your opinion on Triton in the comments!
#BattleArena #BAHA #BAHAofficial #BAHABattlePass #BattleArenaBattlePass
#BattleArenaHeroesAdventure",0,22,IMAGE,https://scontent-sea1-1.cdninstagram.com/v/t51.2885-15/201194897_121031536839748_8492253472738319849_n.jpg?_nc_cat=102&ccb=1-3&_nc_sid=8ae9d6&_nc_ohc=_RXK8P0ditIAX9ajMZe&_nc_ht=scontent-sea1-1.cdninstagram.com&oh=7e711569265057ca07a17e2733f3c078&oe=60CD58EB,https://www.instagram.com/p/CQF4d7Cis4_/,2021-06-14T07:17:24+0000,
17910435823782574,"*fbi open up!
â€¢
â€¼ï¸Check out my page for more memes if youâ€™re bored :)
Follow me ğŸ‘‰ğŸ¼ darkk.memes.hub
My Backup ğŸ‘‰ğŸ¼ darkk_family
~
TaGsğŸ“Œ
#meme #memesğŸ˜‚ #wacky #sexjokes #sexeducation #cursedmemes #cursedimages #memeaccount #memecucks #offensivememes #bhfyp #funnymemes #stolenmemes #deepfriedmemes #dank #dark #humour #dankdank #darkmemes #cancerourmemesforautisticteens #edgymemesdaily #edgymemes #edgy #dailymemes #memester #memestagram #roast #jokes #lmao #baha",16,887,IMAGE,https://scontent-sea1-1.cdninstagram.com/v/t51.29350-15/200516676_808404776728974_4611479313307202674_n.jpg?_nc_cat=110&ccb=1-3&_nc_sid=8ae9d6&_nc_ohc=c0HL0fBm4c4AX_rE4_C&_nc_ht=scontent-sea1-1.cdninstagram.com&oh=0c186be6b37370dbcb835b0a9098db9a&oe=60CC6242,https://www.instagram.com/p/CQF1R05D5c9/,2021-06-14T06:49:32+0000,
17885097152200697,"ã€ŠAycan Ã–nerã€‹
Sana Bir SÃ¶zÃ¼m Varã€‹
ğŸ“¢ğŸ‘‘ğŸ“¢ğŸ‘‘ğŸ“¢ğŸ‘‘ğŸ“¢ğŸ‘‘ğŸ“¢ğŸ‘‘
â€¢
â€¢
â€¢
ğ““ğ“ªğ“¶ğ“ªğ“» ğ“¼Ì§ğ“ªğ“»ğ“´ğ“²ğ“µğ“ªğ“» ğ“­ğ“¾ğ“»ğ“ªğ“°Ì†ğ“² 34
ğ““ğ“ªğ“¶ğ“ªğ“» ğ“¼Ì§ğ“ªğ“»ğ“´ğ“²ğ“µğ“ªğ“» ğ“­ğ“¾ğ“»ğ“ªğ“°Ì†ğ“² 34
ğ““ğ“ªğ“¶ğ“ªğ“» ğ“¼Ì§ğ“ªğ“»ğ“´ğ“²ğ“µğ“ªğ“» ğ“­ğ“¾ğ“»ğ“ªğ“°Ì†ğ“² 34
â€¢
â€¢
â€¢
ğŸ‘‘burhan_kapikaya
â€¢
â€¢
â€¢
ğŸ‘‘burhan_kapikaya
â€¢
â€¢
â€¢
ğŸ‘‘burhan_kapikaya
â€¢
â€¢
â€¢
ğŸ‘‘burhan_kapikaya
â€¢
â€¢
â€¢
ğŸ‘‘remziyeozcann
â€¢
â€¢
â€¢
ğŸ‘‘remziyeozcann
â€¢
â€¢
â€¢
ğŸ‘‘gamzeli_hatunnn52
â€¢
â€¢
â€¢
ğŸ‘‘gamzeli_hatunnn52
â€¢
â€¢
â€¢
ğ““ğ“ªğ“¶ğ“ªğ“» ğ“¼Ì§ğ“ªğ“»ğ“´ğ“²ğ“µğ“ªğ“» ğ“­ğ“¾ğ“»ğ“ªğ“°Ì†ğ“² 34
ğ““ğ“ªğ“¶ğ“ªğ“» ğ“¼Ì§ğ“ªğ“»ğ“´ğ“²ğ“µğ“ªğ“» ğ“­ğ“¾ğ“»ğ“ªğ“°Ì†ğ“² 34
ğ““ğ“ªğ“¶ğ“ªğ“» ğ“¼Ì§ğ“ªğ“»ğ“´ğ“²ğ“µğ“ªğ“» ğ“­ğ“¾ğ“»ğ“ªğ“°Ì†ğ“² 34
â€¢
â€¢
â€¢
ğŸ”ºï¸âš«ğŸ”ºï¸âš«ğŸ”ºï¸âš«ğŸ”ºï¸âš«ğŸ”ºï¸âš«ğŸ”ºï¸
â¡ï¸â¡ï¸â¡ï¸â¡ï¸â¡ï¸â¡ï¸â¡ï¸â¡ï¸â¡ï¸â¡ï¸â¡ï¸
Kendinizden BirÅŸeyler BulduysanÄ±z...
ÅarkÄ±larÄ± KayÄ±t Ederek...
Yorum Yazarak...
BeÄŸeni Yaparak...
ArkadaÅŸlarÄ±nÄ±zÄ± Etiket Yaparak...
Sayfaya Destek Olabilirsiniz.....
ğŸ…“ğŸ…ğŸ…œğŸ…ğŸ…¡ ğŸ…¢ğŸ…ğŸ…¡ğŸ…šğŸ…˜ğŸ…›ğŸ…ğŸ…¡ ğŸ…“ğŸ…¤ğŸ…¡ğŸ…ğŸ…–ğŸ…˜ âŒâ
ğŸ‘‡ğŸ‘‡ğŸ‘‡ğŸ‘‡ğŸ‘‡ğŸ‘‡ğŸ‘‡ğŸ‘‡ğŸ‘‡ğŸ‘‡ğŸ‘‡ğŸ‘‡
â†ªÂ  Sen Yoksan Bir KiÅŸi Eksik â†© 
â†ªdamar_sarkilar_duragi34â†©
â˜ï¸â˜ï¸â˜ï¸â˜ï¸â˜ï¸â˜ï¸â˜ï¸â˜ï¸â˜ï¸â˜ï¸â˜ï¸â˜ï¸
Kendinizdenâœ”Birâœ”ParÃ§ağŸ¦‹ ğŸ¦‹
BulacaÄŸÄ±nÄ±zâœ”Tekâœ”AdresğŸ¦‹ğŸ¦‹
â€¢
â€¢
â€¢
ğ““ğ“ªğ“¶ğ“ªğ“» ğ“¼Ì§ğ“ªğ“»ğ“´ğ“²ğ“µğ“ªğ“» ğ“­ğ“¾ğ“»ğ“ªğ“°Ì†ğ“² 34
ğ““ğ“ªğ“¶ğ“ªğ“» ğ“¼Ì§ğ“ªğ“»ğ“´ğ“²ğ“µğ“ªğ“» ğ“­ğ“¾ğ“»ğ“ªğ“°Ì†ğ“² 34
ğ““ğ“ªğ“¶ğ“ªğ“» ğ“¼Ì§ğ“ªğ“»ğ“´ğ“²ğ“µğ“ªğ“» ğ“­ğ“¾ğ“»ğ“ªğ“°Ì†ğ“² 34
â€¢
â€¢
â€¢
KEÅFET'DEN GELEN ARKADAÅLAR 
DAVETLÄ°SÄ°NÄ°Z.......ğŸ¦‹ğŸ¦‹ğŸ¦‹ğŸ¦‹ğŸ¦‹
â¡ï¸â¡ï¸â¡ï¸â¡ï¸â¡ï¸â¡ï¸â¡ï¸â¡ï¸â¡ï¸â¡ï¸â¡ï¸â¡ï¸
BeÄŸeni Ve GÃ¼zel YorumlarÄ±nÄ±z
Ä°Ã§in TeÅŸekkÃ¼rler ArkadaÅŸlar...
ğŸ¶ğŸ§ğŸ¼ğŸ¸ğŸ¤ğŸ¶ğŸ§ğŸ¼ğŸ¸ğŸ¤ğŸ§ğŸ¶
ğŸ”µğŸŸ¡ğŸ”µğŸŸ¡ğŸ”µğŸŸ¡ğŸ”µğŸŸ¡ğŸ”µğŸŸ¡ğŸ”µ 
#damar_sarkilar_duragi
#arabeskmÃ¼zik #damararabesk
#damar #damarÅŸarkÄ±lar
#damarvideolar #slowmÃ¼zik #ÅŸiir #intizar #yÄ±ldÄ±ztilbe 
#keÅŸvet #keÅŸfetbeniÃ¶neÃ§Ä±kar
#keÅŸvetbeni #keÅŸvetdeyiz #anne #aycanÃ¶ner
#sÃ¶z #muratkekilli
#muratgÃ¶ÄŸebakan #ayna
#muazzezersoy #uzunhava#saz
#baÄŸlama #karadeniz #dua#baha",15,789,VIDEO,,https://www.instagram.com/p/CQFyuYOHx_P/,2021-06-14T06:29:57+0000,
17900739626008419,"When Off-season training is about to start!!! 

#yeg#yegfitness#uofa#edmonton#oilers#eleiko#akperformance#leducab#leducfitness#beaumontab#devonab#sprucegrove#sherwoodpark#ajhl#whl#sjhl#ohl#bchl#oilkings#edmontonoilers#albertahockey#baha#sports#athletes#780#403#587#604#",0,16,VIDEO,https://video-sea1-1.cdninstagram.com/v/t50.2886-16/199596171_634986314085189_2820127622262192742_n.mp4?_nc_cat=103&vs=17892966368170288_3596024516&_nc_vs=HBksFQAYJEdJdVk1UXRGTTdCRmhFRUNBR1o2TkhvaEd5TW5ia1lMQUFBRhUAAsgBABUAGCRHR1RnOUFzdVczbnVrNzhCQU5jcFNLRGl1TkpOYmtZTEFBQUYVAgLIAQAoABgAGwGIB3VzZV9vaWwBMRUAACa8hq7msOzQPxUCKAJDMywXQDWzMzMzMzMYEmRhc2hfYmFzZWxpbmVfMl92MREAdeoHAA%3D%3D&ccb=1-3&_nc_sid=59939d&efg=eyJ2ZW5jb2RlX3RhZyI6InZ0c192b2RfdXJsZ2VuLjcyMC5mZWVkIn0%3D&_nc_ohc=PYOakvvAGqgAX91M6Zi&_nc_ht=video-sea1-1.cdninstagram.com&oh=ead28eb38ad0d1056b922dc3dc038929&oe=60CC2F5F&_nc_rid=ac3c897bcd,https://www.instagram.com/p/CQFfHI-gs0R/,2021-06-14T03:38:48+0000,
17844790748607423,"ğŸŒ¸ğŸŒ¸ğŸŒ¸

#babiesofinstagram #babiesofig #microtia #microtiababy #microtiakids #cochlearamericas #cochlear #baha #cochlearbaha #baha5 #boneconduction #hearingaids #hearingaidsarecool",0,8,IMAGE,https://scontent-sea1-1.cdninstagram.com/v/t51.29350-15/131479519_277965987404136_4558092674898539600_n.jpg?_nc_cat=106&ccb=1-3&_nc_sid=8ae9d6&_nc_ohc=hsWsSQ12FSgAX-V34hL&_nc_ht=scontent-sea1-1.cdninstagram.com&oh=3a9b11973ba168b174170ede94a35140&oe=60CC12A8,https://www.instagram.com/p/CQFGFe_gf6_/,2021-06-13T23:57:09+0000,
17876481917436908,"â˜€ï¸â˜€ï¸â˜€ï¸

#babiesofinstagram #babiesofig #microtia #microtiababy #microtiakids #cochlearamericas #cochlear #baha #cochlearbaha #baha5 #boneconduction #hearingaids #hearingaidsarecool",0,16,IMAGE,https://scontent-sea1-1.cdninstagram.com/v/t51.29350-15/200177684_4144537348972251_3089922656825630192_n.jpg?_nc_cat=103&ccb=1-3&_nc_sid=8ae9d6&_nc_ohc=Q8T_FUe8dDgAX-VyEii&_nc_oc=AQmTh9j_8Ac0nmxVHAWPji10Soj0WthqJBwyn28GghtOoLXBYjWLFGVxxAuNymzENyM&_nc_ht=scontent-sea1-1.cdninstagram.com&oh=23b866638bc32a4930a686feb0fb4ad2&oe=60CC7B8B,https://www.instagram.com/p/CQFGA3CgmVx/,2021-06-13T23:56:31+0000,
18231493240030164,"Baha amzyan@ahidouserfoud â˜…â˜…â˜… â´°âµƒâµ‰â´·âµ“âµ™ 
#ahidous #amazigh #tamghra #ahidousatlas #ait_ata #ahidousa9bor
#ahidousclasic #izlan #tamawayt #izlanmaroc #ahwach #ahidousmellab #Ø§Ø±ÙÙˆØ¯ #merzouga #mellab #aoufos #rissani #weding #mariageamazigh #tarabout #baha",0,30,VIDEO,https://video-sea1-1.cdninstagram.com/v/t50.2886-16/200788939_2927270830862024_201853032633170392_n.mp4?_nc_cat=101&vs=18213940036072049_3961942894&_nc_vs=HBksFQAYJEdNdkw5d3ZJN2doYVZtWUtBTmg1NzRKRElNMENia1lMQUFBRhUAAsgBABUAGCRHUHdJMUFleDVQV0tfTklBQU0tRkJqWG1DT0ZRYmtZTEFBQUYVAgLIAQAoABgAGwGIB3VzZV9vaWwBMRUAACbO9LjIwvLKPxUCKAJDMywXQE4AAAAAAAAYEmRhc2hfYmFzZWxpbmVfMV92MREAdeoHAA%3D%3D&ccb=1-3&_nc_sid=59939d&efg=eyJ2ZW5jb2RlX3RhZyI6InZ0c192b2RfdXJsZ2VuLjY0MC5mZWVkIn0%3D&_nc_ohc=AW-fZ5T5HTUAX82NlPI&_nc_ht=video-sea1-1.cdninstagram.com&oh=7bcd7a55bab9da988468408c1660d961&oe=60CBF185&_nc_rid=729e5dd09f,https://www.instagram.com/p/CQEVqcWDBek/,2021-06-13T16:56:31+0000,
